Workbook

Sheet Buku Kas
A1: BUKU KAS UMKM — PEMISAHAN UANG USAHA
A2: Nama Usaha | D2: Periode
A3: Saldo Awal | B3: 0 | D3: Total Uang Masuk | E3: =SUMIF(D9:D208,"Uang Masuk",F9:F208)
D4: Total Uang Keluar | E4: =SUMIF(D9:D208,"Uang Keluar",F9:F208)
D5: Saldo Akhir | E5: =B3+E3-E4
A8: No | B8: Tanggal | C8: Keterangan | D8: Jenis Transaksi | E8: Kategori | F8: Nominal (Rp) | G8: Saldo (Rp)
A9: 1 | G9: =$B$3+SUMIF($D$9:D9,"Uang Masuk",$F$9:F9)-SUMIF($D$9:D9,"Uang Keluar",$F$9:F9)
A10: 2 | G10: =$B$3+SUMIF($D$9:D10,"Uang Masuk",$F$9:F10)-SUMIF($D$9:D10,"Uang Keluar",$F$9:F10)
A11: 3 | G11: =$B$3+SUMIF($D$9:D11,"Uang Masuk",$F$9:F11)-SUMIF($D$9:D11,"Uang Keluar",$F$9:F11)
A12: 4 | G12: =$B$3+SUMIF($D$9:D12,"Uang Masuk",$F$9:F12)-SUMIF($D$9:D12,"Uang Keluar",$F$9:F12)
A13: 5 | G13: =$B$3+SUMIF($D$9:D13,"Uang Masuk",$F$9:F13)-SUMIF($D$9:D13,"Uang Keluar",$F$9:F13)
A14: 6 | G14: =$B$3+SUMIF($D$9:D14,"Uang Masuk",$F$9:F14)-SUMIF($D$9:D14,"Uang Keluar",$F$9:F14)
A15: 7 | G15: =$B$3+SUMIF($D$9:D15,"Uang Masuk",$F$9:F15)-SUMIF($D$9:D15,"Uang Keluar",$F$9:F15)
A16: 8 | G16: =$B$3+SUMIF($D$9:D16,"Uang Masuk",$F$9:F16)-SUMIF($D$9:D16,"Uang Keluar",$F$9:F16)
A17: 9 | G17: =$B$3+SUMIF($D$9:D17,"Uang Masuk",$F$9:F17)-SUMIF($D$9:D17,"Uang Keluar",$F$9:F17)
A18: 10 | G18: =$B$3+SUMIF($D$9:D18,"Uang Masuk",$F$9:F18)-SUMIF($D$9:D18,"Uang Keluar",$F$9:F18)
A19: 11 | G19: =$B$3+SUMIF($D$9:D19,"Uang Masuk",$F$9:F19)-SUMIF($D$9:D19,"Uang Keluar",$F$9:F19)
A20: 12 | G20: =$B$3+SUMIF($D$9:D20,"Uang Masuk",$F$9:F20)-SUMIF($D$9:D20,"Uang Keluar",$F$9:F20)
... A208: 200 | G208: =$B$3+SUMIF($D$9:D208,"Uang Masuk",$F$9:F208)-SUMIF($D$9:D208,"Uang Keluar",$F$9:F208)

Sheet Ringkasan
A1: RINGKASAN KEUANGAN USAHA
A3: Indikator | B3: Nilai | D3: Catatan
A4: Total Uang Masuk | B4: ='Buku Kas'!E3 | D4: Ringkasan membantu melihat arus kas usaha. Gunakan angka dari buku kas sebagai bahan evaluasi, bukan sebagai pengganti laporan keuangan lengkap.
A5: Total Uang Keluar | B5: ='Buku Kas'!E4
A6: Saldo Akhir | B6: ='Buku Kas'!E5
A7: Jumlah Transaksi | B7: =COUNTA('Buku Kas'!C9:C208)
A10: Pengeluaran berdasarkan kategori
A11: Kategori | B11: Total Keluar
A12: Bahan/Stock | B12: =SUMIFS('Buku Kas'!$F$9:$F$208,'Buku Kas'!$D$9:$D$208,"Uang Keluar",'Buku Kas'!$E$9:$E$208,A12)
A13: Operasional | B13: =SUMIFS('Buku Kas'!$F$9:$F$208,'Buku Kas'!$D$9:$D$208,"Uang Keluar",'Buku Kas'!$E$9:$E$208,A13)
A14: Gaji Pemilik | B14: =SUMIFS('Buku Kas'!$F$9:$F$208,'Buku Kas'!$D$9:$D$208,"Uang Keluar",'Buku Kas'!$E$9:$E$208,A14)
A15: Pengambilan Pribadi | B15: =SUMIFS('Buku Kas'!$F$9:$F$208,'Buku Kas'!$D$9:$D$208,"Uang Keluar",'Buku Kas'!$E$9:$E$208,A15)
A16: Lainnya | B16: =SUMIFS('Buku Kas'!$F$9:$F$208,'Buku Kas'!$D$9:$D$208,"Uang Keluar",'Buku Kas'!$E$9:$E$208,A16)

Sheet Panduan
A1: PANDUAN PENGGUNAAN TEMPLATE
A3: 1 | B3: Isi Nama Usaha dan Saldo Awal | C3: Saldo awal adalah uang kas usaha yang tersedia sebelum transaksi pertama dicatat.
A4: 2 | B4: Tambah satu baris untuk setiap transaksi | C4: Jangan menggabungkan beberapa transaksi berbeda dalam satu baris.
A5: 3 | B5: Pilih Jenis Transaksi | C5: Uang Masuk untuk pemasukan; Uang Keluar untuk pengeluaran usaha atau pengambilan pemilik.
A6: 4 | B6: Pilih Kategori | C6: Gunakan kategori yang paling sesuai agar ringkasan pengeluaran lebih mudah dibaca.
A7: 5 | B7: Isi Nominal | C7: Masukkan angka saja. Format Rupiah akan ditampilkan otomatis.
A8: 6 | B8: Periksa Saldo | C8: Kolom Saldo dihitung otomatis berdasarkan urutan transaksi.
A9: 7 | B9: Evaluasi akhir bulan | C9: Lihat total masuk, total keluar, saldo akhir, dan pengambilan pemilik di sheet Ringkasan.
